{"cameraMode":{"drawMode":0,"name":"Shaded","section":"Shading Mode"},"sceneLighting":false,"audioPlay":false,"sceneViewState":{"m_AlwaysRefresh":false,"showFog":true,"showSkybox":false,"showFlares":true,"showImageEffects":true,"showParticleSystems":true,"showVisualEffectGraphs":true,"m_FxEnabled":true},"in2DMode":false,"pivot":{"x":-8.412108421325684,"y":-0.05295151472091675,"z":0.6203423738479614},"rotation":{"x":-0.17019622027873994,"y":0.28572580218315127,"z":-0.05164200812578201,"w":-0.9416629076004028},"size":0.9370066523551941,"orthographic":false}